{
    "mean_gram_loss": {
        "min": 1.781807128509172e-07,
        "max": 1.2497168881964171e-06
    },
    "mean_l2_loss": {
        "min": 0.25205257534980774,
        "max": 0.3758155405521393
    },
    "mean_gaussianmmd_loss": {
        "min": 6.072198390960693,
        "max": 6.186278820037842
    },
    "mean_linearmmd_loss": {
        "min": 0.005655452609062195,
        "max": 0.023493243381381035
    },
    "mean_dss_loss": {
        "min": 0.0008611878438387066,
        "max": 0.007986019598320127
    },
    "mean_swd_loss": {
        "min": 2827.685336907705,
        "max": 5607.20529460907
    }
}