{
    "mean_gram_loss": {
        "min": 1.7471090529852518e-07,
        "max": 1.334287844656501e-06
    },
    "mean_l2_loss": {
        "min": 0.2670460045337677,
        "max": 0.384105920791626
    },
    "mean_gaussianmmd_loss": {
        "min": 6.104663372039795,
        "max": 6.1845526695251465
    },
    "mean_linearmmd_loss": {
        "min": 0.0070923008024692535,
        "max": 0.03087390772998333
    },
    "mean_dss_loss": {
        "min": 0.0009351988992420956,
        "max": 0.007638882496394217
    },
    "mean_swd_loss": {
        "min": 2495.816410511732,
        "max": 4992.192916194597
    }
}