{
    "mean_gram_loss": {
        "min": 1.9893791147751472e-07,
        "max": 1.6967268265943858e-06
    },
    "mean_l2_loss": {
        "min": 0.28153589367866516,
        "max": 0.3756592571735382
    },
    "mean_gaussianmmd_loss": {
        "min": 6.117532730102539,
        "max": 6.176040172576904
    },
    "mean_linearmmd_loss": {
        "min": 0.008121447637677193,
        "max": 0.024817513301968575
    },
    "mean_dss_loss": {
        "min": 0.0011709068494383246,
        "max": 0.0035121263936161995
    },
    "mean_swd_loss": {
        "min": 2741.5436248779297,
        "max": 4382.707335313162
    }
}