{
    "mean_gram_loss": {
        "min": 1.532460061071106e-07,
        "max": 3.4299961271244683e-07
    },
    "mean_l2_loss": {
        "min": 0.2342129498720169,
        "max": 0.29202404618263245
    },
    "mean_gaussianmmd_loss": {
        "min": 6.09896993637085,
        "max": 6.173917293548584
    },
    "mean_linearmmd_loss": {
        "min": 0.006430365145206451,
        "max": 0.013390901498496532
    },
    "mean_dss_loss": {
        "min": 0.0009017249394673854,
        "max": 0.004832234641071409
    },
    "mean_swd_loss": {
        "min": 2444.8800834417343,
        "max": 3395.272799452146
    }
}