{
    "mean_gram_loss": {
        "min": 1.5270335040895588e-07,
        "max": 2.985100309160771e-07
    },
    "mean_l2_loss": {
        "min": 0.22958719730377197,
        "max": 0.2864662706851959
    },
    "mean_gaussianmmd_loss": {
        "min": 6.076175212860107,
        "max": 6.16888952255249
    },
    "mean_linearmmd_loss": {
        "min": 0.005323450546711683,
        "max": 0.014714631251990795
    },
    "mean_dss_loss": {
        "min": 0.0009366274025524035,
        "max": 0.003156568156555295
    },
    "mean_swd_loss": {
        "min": 2437.064804067214,
        "max": 3613.7411363720894
    }
}