{
    "mean_gram_loss": {
        "min": 1.463289578396143e-07,
        "max": 4.26922525775808e-07
    },
    "mean_l2_loss": {
        "min": 0.22090844810009003,
        "max": 0.29449713230133057
    },
    "mean_gaussianmmd_loss": {
        "min": 6.110922336578369,
        "max": 6.163997173309326
    },
    "mean_linearmmd_loss": {
        "min": 0.00727199437096715,
        "max": 0.014350551180541515
    },
    "mean_dss_loss": {
        "min": 0.001112622776417993,
        "max": 0.0037741021369583905
    },
    "mean_swd_loss": {
        "min": 2672.1220293243728,
        "max": 3428.436997910341
    }
}