{
    "mean_gram_loss": {
        "min": 1.5091600857886078e-08,
        "max": 8.401482887165912e-08
    },
    "mean_l2_loss": {
        "min": 0.019801726564764977,
        "max": 0.10851933062076569
    },
    "mean_gaussianmmd_loss": {
        "min": 6.000904083251953,
        "max": 6.146007537841797
    },
    "mean_linearmmd_loss": {
        "min": 0.0007781236781738698,
        "max": 0.003898230381309986
    },
    "mean_dss_loss": {
        "min": 0.00020463235705392435,
        "max": 0.0015244573296513408
    },
    "mean_swd_loss": {
        "min": 87.51013301188748,
        "max": 850.701973259449
    }
}