{
    "mean_gram_loss": {
        "min": 1.5671886899326637e-08,
        "max": 6.351659465053672e-08
    },
    "mean_l2_loss": {
        "min": 0.019198570400476456,
        "max": 0.09696467965841293
    },
    "mean_gaussianmmd_loss": {
        "min": 6.016717433929443,
        "max": 6.156630039215088
    },
    "mean_linearmmd_loss": {
        "min": 0.0008745297673158348,
        "max": 0.0025025701615959406
    },
    "mean_dss_loss": {
        "min": 0.00023762757336953655,
        "max": 0.0010684087465051562
    },
    "mean_swd_loss": {
        "min": 96.86502960820992,
        "max": 609.7548041741054
    }
}