{
    "mean_gram_loss": {
        "min": 1.2438459031279455e-08,
        "max": 4.290045133951518e-08
    },
    "mean_l2_loss": {
        "min": 0.018144442699849606,
        "max": 0.09349093213677406
    },
    "mean_gaussianmmd_loss": {
        "min": 6.071585273742675,
        "max": 6.141665935516357
    },
    "mean_linearmmd_loss": {
        "min": 0.001401365001220256,
        "max": 0.006144388206303119
    },
    "mean_dss_loss": {
        "min": 0.0005120348068885505,
        "max": 0.002040011587087065
    },
    "mean_swd_loss": {
        "min": 64.04181132775525,
        "max": 277.7648340121507
    }
}