{
    "mean_gram_loss": {
        "min": 1.5140033227112326e-08,
        "max": 7.036852167630059e-08
    },
    "mean_l2_loss": {
        "min": 0.02053697779774666,
        "max": 0.1034114733338356
    },
    "mean_gaussianmmd_loss": {
        "min": 5.965878963470459,
        "max": 6.14703893661499
    },
    "mean_linearmmd_loss": {
        "min": 0.0008300006738863885,
        "max": 0.003080173395574093
    },
    "mean_dss_loss": {
        "min": 0.00026950010942528024,
        "max": 0.0011787664843723178
    },
    "mean_swd_loss": {
        "min": 103.24147788062692,
        "max": 678.2737800180912
    }
}