{
    "mean_gram_loss": {
        "min": 2.743013993722343e-08,
        "max": 7.510427479928694e-08
    },
    "mean_l2_loss": {
        "min": 0.03763596713542938,
        "max": 0.08890547603368759
    },
    "mean_gaussianmmd_loss": {
        "min": 6.057610034942627,
        "max": 6.147274494171143
    },
    "mean_linearmmd_loss": {
        "min": 0.0011440039379522204,
        "max": 0.003898230381309986
    },
    "mean_dss_loss": {
        "min": 0.0004699052369687706,
        "max": 0.0014920422399882227
    },
    "mean_swd_loss": {
        "min": 238.3603429545959,
        "max": 641.6728929479916
    }
}