{
    "mean_gram_loss": {
        "min": 1.8249845368245587e-07,
        "max": 7.425571766361827e-07
    },
    "mean_l2_loss": {
        "min": 0.25168102979660034,
        "max": 0.3846954107284546
    },
    "mean_gaussianmmd_loss": {
        "min": 6.104033946990967,
        "max": 6.1768574714660645
    },
    "mean_linearmmd_loss": {
        "min": 0.0051960935816168785,
        "max": 0.024886684492230415
    },
    "mean_dss_loss": {
        "min": 0.002340694540180266,
        "max": 0.009904650272801518
    },
    "mean_swd_loss": {
        "min": 2440.254741559426,
        "max": 5875.611832459767
    }
}