{
    "mean_gram_loss": {
        "min": 2.1294447094533098e-07,
        "max": 1.1343023516019457e-06
    },
    "mean_l2_loss": {
        "min": 0.25543835759162903,
        "max": 0.3846954107284546
    },
    "mean_gaussianmmd_loss": {
        "min": 6.05729341506958,
        "max": 6.186278820037842
    },
    "mean_linearmmd_loss": {
        "min": 0.006956415716558695,
        "max": 0.024848148226737976
    },
    "mean_dss_loss": {
        "min": 0.0018441482679918408,
        "max": 0.009904650272801518
    },
    "mean_swd_loss": {
        "min": 2575.247119913499,
        "max": 5894.734475135803
    }
}