{
    "mean_gram_loss": {
        "min": 1.4383890345470718e-07,
        "max": 1.1012321010639425e-06
    },
    "mean_l2_loss": {
        "min": 0.19950050115585327,
        "max": 0.4132309556007385
    },
    "mean_gaussianmmd_loss": {
        "min": 6.1214985847473145,
        "max": 6.186278820037842
    },
    "mean_linearmmd_loss": {
        "min": 0.007112185936421156,
        "max": 0.03011198155581951
    },
    "mean_dss_loss": {
        "min": 0.0012970568495802581,
        "max": 0.008363621076568961
    },
    "mean_swd_loss": {
        "min": 2575.247119913499,
        "max": 4873.117438236873
    }
}