{
    "mean_gram_loss": {
        "min": 1.5508688022691786e-07,
        "max": 6.981747446843656e-07
    },
    "mean_l2_loss": {
        "min": 0.19513928890228271,
        "max": 0.36787813901901245
    },
    "mean_gaussianmmd_loss": {
        "min": 6.087947845458984,
        "max": 6.180339336395264
    },
    "mean_linearmmd_loss": {
        "min": 0.007055685389786959,
        "max": 0.03605303913354874
    },
    "mean_dss_loss": {
        "min": 0.0009938350412994623,
        "max": 0.0064542111940681934
    },
    "mean_swd_loss": {
        "min": 2537.2187673846884,
        "max": 4624.270545085272
    }
}