{
    "mean_gram_loss": {
        "min": 2.2217031414584199e-07,
        "max": 7.800198886798171e-07
    },
    "mean_l2_loss": {
        "min": 0.24518170952796936,
        "max": 0.404748797416687
    },
    "mean_gaussianmmd_loss": {
        "min": 6.105483531951904,
        "max": 6.184650421142578
    },
    "mean_linearmmd_loss": {
        "min": 0.009500292129814625,
        "max": 0.024488313123583794
    },
    "mean_dss_loss": {
        "min": 0.00167500734096393,
        "max": 0.0064542111940681934
    },
    "mean_swd_loss": {
        "min": 2862.8656354149184,
        "max": 4707.472149610519
    }
}